processors:2,works:100,duration_sec:0.0686728,startCriterion:60602,bestCriterion:27437
processors:2,works:100,duration_sec:0.0309576,startCriterion:60602,bestCriterion:27378
processors:2,works:100,duration_sec:0.0403011,startCriterion:60602,bestCriterion:27384
processors:2,works:100,duration_sec:0.0419795,startCriterion:60602,bestCriterion:27863
processors:2,works:100,duration_sec:0.0639137,startCriterion:60602,bestCriterion:27408
processors:2,works:200,duration_sec:0.0513463,startCriterion:249773,bestCriterion:115707
processors:2,works:200,duration_sec:0.0641133,startCriterion:249773,bestCriterion:115472
processors:2,works:200,duration_sec:0.0886441,startCriterion:249773,bestCriterion:115557
processors:2,works:200,duration_sec:0.0503454,startCriterion:249773,bestCriterion:114839
processors:2,works:200,duration_sec:0.0688394,startCriterion:249773,bestCriterion:114773
processors:2,works:400,duration_sec:0.105481,startCriterion:994138,bestCriterion:465236
processors:2,works:400,duration_sec:0.0816302,startCriterion:994138,bestCriterion:472329
processors:2,works:400,duration_sec:0.135373,startCriterion:994138,bestCriterion:466891
processors:2,works:400,duration_sec:0.0537298,startCriterion:1014807,bestCriterion:481740
processors:2,works:400,duration_sec:0.0679405,startCriterion:1014807,bestCriterion:481237
processors:2,works:750,duration_sec:0.328957,startCriterion:3574191,bestCriterion:1699789
processors:2,works:750,duration_sec:0.150991,startCriterion:3574191,bestCriterion:1700358
processors:2,works:750,duration_sec:0.0851992,startCriterion:3574191,bestCriterion:1719432
processors:2,works:750,duration_sec:0.211821,startCriterion:3574191,bestCriterion:1707567
processors:2,works:750,duration_sec:0.167171,startCriterion:3574191,bestCriterion:1710153
processors:2,works:1250,duration_sec:0.150039,startCriterion:9774099,bestCriterion:4747716
processors:2,works:1250,duration_sec:0.207941,startCriterion:9774099,bestCriterion:4720806
processors:2,works:1250,duration_sec:0.191834,startCriterion:9774099,bestCriterion:4760391
processors:2,works:1250,duration_sec:0.309559,startCriterion:9774099,bestCriterion:4727210
processors:2,works:1250,duration_sec:0.244649,startCriterion:9795443,bestCriterion:4746336
processors:2,works:1500,duration_sec:0.646255,startCriterion:14114655,bestCriterion:6800312
processors:2,works:1500,duration_sec:0.249788,startCriterion:14114655,bestCriterion:6836126
processors:2,works:1500,duration_sec:0.60402,startCriterion:14189685,bestCriterion:6859598
processors:2,works:1500,duration_sec:0.486165,startCriterion:14189685,bestCriterion:6880194
processors:2,works:1500,duration_sec:0.586502,startCriterion:13894946,bestCriterion:6674080
processors:2,works:2500,duration_sec:1.03037,startCriterion:38660480,bestCriterion:18815539
processors:2,works:2500,duration_sec:0.977379,startCriterion:39049830,bestCriterion:18938943
processors:2,works:2500,duration_sec:1.37986,startCriterion:38892806,bestCriterion:19065679
processors:2,works:2500,duration_sec:0.699771,startCriterion:39020304,bestCriterion:19005727
processors:2,works:2500,duration_sec:0.843753,startCriterion:39020304,bestCriterion:18883366
processors:2,works:5000,duration_sec:3.5608,startCriterion:156325353,bestCriterion:76485694
processors:2,works:5000,duration_sec:6.66167,startCriterion:155291407,bestCriterion:76450511
processors:2,works:5000,duration_sec:6.6775,startCriterion:157113366,bestCriterion:76807270
processors:2,works:5000,duration_sec:4.00278,startCriterion:155348895,bestCriterion:76511954
processors:2,works:5000,duration_sec:4.07989,startCriterion:155882546,bestCriterion:76417436
processors:2,works:7500,duration_sec:8.76264,startCriterion:351390807,bestCriterion:174026094
processors:2,works:7500,duration_sec:10.2395,startCriterion:348151788,bestCriterion:171912889
processors:2,works:7500,duration_sec:6.8633,startCriterion:354561319,bestCriterion:174767059
processors:2,works:7500,duration_sec:7.14083,startCriterion:353709220,bestCriterion:173997321
processors:2,works:7500,duration_sec:10.8055,startCriterion:350020321,bestCriterion:173063865
processors:2,works:10000,duration_sec:15.5532,startCriterion:627897657,bestCriterion:309886991
processors:2,works:10000,duration_sec:10.0249,startCriterion:625851418,bestCriterion:309559206
processors:2,works:10000,duration_sec:10.9035,startCriterion:625077660,bestCriterion:309614330
processors:2,works:10000,duration_sec:16.673,startCriterion:622573646,bestCriterion:308421214
processors:2,works:10000,duration_sec:25.3782,startCriterion:627195609,bestCriterion:308742218
processors:2,works:15000,duration_sec:39.6956,startCriterion:1405676928,bestCriterion:694774940
processors:2,works:15000,duration_sec:36.8655,startCriterion:1399920087,bestCriterion:695506914
processors:2,works:15000,duration_sec:35.0453,startCriterion:1410386317,bestCriterion:700151400
processors:2,works:15000,duration_sec:36.0787,startCriterion:1407175894,bestCriterion:698220662
processors:2,works:15000,duration_sec:38.774,startCriterion:1404316788,bestCriterion:698619901
processors:2,works:20000,duration_sec:58.7391,startCriterion:2486402570,bestCriterion:1234727766
processors:2,works:20000,duration_sec:86.6605,startCriterion:2518947307,bestCriterion:1252567925
processors:2,works:20000,duration_sec:76.2983,startCriterion:2510251260,bestCriterion:1245430143
processors:2,works:20000,duration_sec:67.657,startCriterion:2505171248,bestCriterion:1242077003
processors:2,works:20000,duration_sec:77.5454,startCriterion:2497336390,bestCriterion:1238357672
processors:2,works:25000,duration_sec:121.464,startCriterion:3922232391,bestCriterion:1948787964
processors:2,works:25000,duration_sec:136.33,startCriterion:3901022028,bestCriterion:1935208319
processors:2,works:25000,duration_sec:111.815,startCriterion:3887800330,bestCriterion:1932303868
processors:2,works:25000,duration_sec:122.285,startCriterion:3910912509,bestCriterion:1942454700
processors:2,works:25000,duration_sec:86.9442,startCriterion:3917817559,bestCriterion:1943513181
processors:4,works:100,duration_sec:0.0995162,startCriterion:61580,bestCriterion:14067
processors:4,works:100,duration_sec:0.0563413,startCriterion:61580,bestCriterion:14021
processors:4,works:100,duration_sec:0.0385633,startCriterion:61580,bestCriterion:14228
processors:4,works:100,duration_sec:0.0584324,startCriterion:61580,bestCriterion:14075
processors:4,works:100,duration_sec:0.0704857,startCriterion:61580,bestCriterion:14213
processors:4,works:200,duration_sec:0.080488,startCriterion:246355,bestCriterion:57361
processors:4,works:200,duration_sec:0.058485,startCriterion:246355,bestCriterion:57106
processors:4,works:200,duration_sec:0.0940184,startCriterion:246355,bestCriterion:57157
processors:4,works:200,duration_sec:0.0514027,startCriterion:251318,bestCriterion:58221
processors:4,works:200,duration_sec:0.078055,startCriterion:251318,bestCriterion:57976
processors:4,works:400,duration_sec:0.128508,startCriterion:1013198,bestCriterion:237940
processors:4,works:400,duration_sec:0.0688965,startCriterion:1013198,bestCriterion:237118
processors:4,works:400,duration_sec:0.0868288,startCriterion:1013198,bestCriterion:240324
processors:4,works:400,duration_sec:0.191486,startCriterion:1013198,bestCriterion:239756
processors:4,works:400,duration_sec:0.130191,startCriterion:1013198,bestCriterion:238412
processors:4,works:750,duration_sec:0.261744,startCriterion:3516213,bestCriterion:831082
processors:4,works:750,duration_sec:0.127131,startCriterion:3536861,bestCriterion:835345
processors:4,works:750,duration_sec:0.137866,startCriterion:3536861,bestCriterion:840191
processors:4,works:750,duration_sec:0.0942884,startCriterion:3536861,bestCriterion:840775
processors:4,works:750,duration_sec:0.152722,startCriterion:3536861,bestCriterion:840032
processors:4,works:1250,duration_sec:0.204566,startCriterion:9770476,bestCriterion:2360005
processors:4,works:1250,duration_sec:0.204093,startCriterion:9770476,bestCriterion:2352236
processors:4,works:1250,duration_sec:0.238773,startCriterion:9770476,bestCriterion:2343953
processors:4,works:1250,duration_sec:0.26066,startCriterion:9673728,bestCriterion:2351529
processors:4,works:1250,duration_sec:0.232055,startCriterion:9673728,bestCriterion:2358501
processors:4,works:1500,duration_sec:0.377641,startCriterion:13934765,bestCriterion:3370197
processors:4,works:1500,duration_sec:0.242097,startCriterion:14129432,bestCriterion:3400307
processors:4,works:1500,duration_sec:0.30199,startCriterion:14129432,bestCriterion:3388959
processors:4,works:1500,duration_sec:0.426445,startCriterion:14129432,bestCriterion:3394914
processors:4,works:1500,duration_sec:0.2855,startCriterion:14186175,bestCriterion:3458672
processors:4,works:2500,duration_sec:0.405061,startCriterion:39507872,bestCriterion:9682308
processors:4,works:2500,duration_sec:0.836466,startCriterion:39507872,bestCriterion:9639292
processors:4,works:2500,duration_sec:0.61114,startCriterion:39308687,bestCriterion:9539920
processors:4,works:2500,duration_sec:0.939875,startCriterion:38770825,bestCriterion:9441981
processors:4,works:2500,duration_sec:0.659925,startCriterion:38890335,bestCriterion:9481338
processors:4,works:5000,duration_sec:2.94465,startCriterion:155642546,bestCriterion:38440267
processors:4,works:5000,duration_sec:1.85802,startCriterion:155431694,bestCriterion:38284863
processors:4,works:5000,duration_sec:2.1454,startCriterion:158198935,bestCriterion:38830296
processors:4,works:5000,duration_sec:2.47906,startCriterion:157735976,bestCriterion:38840758
processors:4,works:5000,duration_sec:2.84138,startCriterion:156532998,bestCriterion:38506317
processors:4,works:7500,duration_sec:5.92133,startCriterion:352681190,bestCriterion:87152600
processors:4,works:7500,duration_sec:5.2954,startCriterion:350485203,bestCriterion:86461954
processors:4,works:7500,duration_sec:6.1577,startCriterion:352560238,bestCriterion:86903108
processors:4,works:7500,duration_sec:5.80719,startCriterion:350205027,bestCriterion:86302846
processors:4,works:7500,duration_sec:8.61281,startCriterion:350543693,bestCriterion:86554669
processors:4,works:10000,duration_sec:9.96087,startCriterion:621542108,bestCriterion:153529115
processors:4,works:10000,duration_sec:10.1653,startCriterion:628770332,bestCriterion:155053599
processors:4,works:10000,duration_sec:8.46501,startCriterion:625697673,bestCriterion:154318177
processors:4,works:10000,duration_sec:7.64345,startCriterion:627662222,bestCriterion:155891696
processors:4,works:10000,duration_sec:13.9671,startCriterion:621351587,bestCriterion:153876433
processors:4,works:15000,duration_sec:31.6574,startCriterion:1409337690,bestCriterion:349113151
processors:4,works:15000,duration_sec:14.3964,startCriterion:1407150548,bestCriterion:350772640
processors:4,works:15000,duration_sec:35.055,startCriterion:1410728151,bestCriterion:349944335
processors:4,works:15000,duration_sec:29.1195,startCriterion:1409604839,bestCriterion:349479525
processors:4,works:15000,duration_sec:27.8101,startCriterion:1410429615,bestCriterion:349014772
processors:4,works:20000,duration_sec:60.625,startCriterion:2504449517,bestCriterion:621553545
processors:4,works:20000,duration_sec:51.9969,startCriterion:2511637304,bestCriterion:624208201
processors:4,works:20000,duration_sec:32.3269,startCriterion:2501333604,bestCriterion:622597629
processors:4,works:20000,duration_sec:45.9991,startCriterion:2502093272,bestCriterion:622321525
processors:4,works:20000,duration_sec:78.8125,startCriterion:2496180564,bestCriterion:617847030
processors:4,works:25000,duration_sec:116.659,startCriterion:3923081989,bestCriterion:972377733
processors:4,works:25000,duration_sec:96.6277,startCriterion:3931405113,bestCriterion:973998273
processors:4,works:25000,duration_sec:80.4766,startCriterion:3915741671,bestCriterion:972813389
processors:4,works:25000,duration_sec:57.1948,startCriterion:3896705555,bestCriterion:970976311
processors:4,works:25000,duration_sec:71.1975,startCriterion:3914709504,bestCriterion:972552581
processors:6,works:100,duration_sec:0.029271,startCriterion:56765,bestCriterion:9358
processors:6,works:100,duration_sec:0.0451307,startCriterion:56765,bestCriterion:9299
processors:6,works:100,duration_sec:0.0682644,startCriterion:56765,bestCriterion:9219
processors:6,works:100,duration_sec:0.0498723,startCriterion:56765,bestCriterion:9288
processors:6,works:100,duration_sec:0.0723559,startCriterion:56765,bestCriterion:9305
processors:6,works:200,duration_sec:0.0683446,startCriterion:235081,bestCriterion:38069
processors:6,works:200,duration_sec:0.089942,startCriterion:235081,bestCriterion:38056
processors:6,works:200,duration_sec:0.0357963,startCriterion:235081,bestCriterion:38537
processors:6,works:200,duration_sec:0.0405669,startCriterion:235081,bestCriterion:38518
processors:6,works:200,duration_sec:0.0353641,startCriterion:235081,bestCriterion:38275
processors:6,works:400,duration_sec:0.12989,startCriterion:968827,bestCriterion:157146
processors:6,works:400,duration_sec:0.0842543,startCriterion:968827,bestCriterion:158874
processors:6,works:400,duration_sec:0.112896,startCriterion:968827,bestCriterion:158859
processors:6,works:400,duration_sec:0.0554552,startCriterion:1001499,bestCriterion:159816
processors:6,works:400,duration_sec:0.0806924,startCriterion:1001499,bestCriterion:159167
processors:6,works:750,duration_sec:0.214627,startCriterion:3526391,bestCriterion:570128
processors:6,works:750,duration_sec:0.167199,startCriterion:3526391,bestCriterion:569140
processors:6,works:750,duration_sec:0.102972,startCriterion:3526391,bestCriterion:570151
processors:6,works:750,duration_sec:0.155504,startCriterion:3526391,bestCriterion:572570
processors:6,works:750,duration_sec:0.210924,startCriterion:3526391,bestCriterion:570833
processors:6,works:1250,duration_sec:0.272139,startCriterion:9923590,bestCriterion:1585986
processors:6,works:1250,duration_sec:0.195892,startCriterion:9923590,bestCriterion:1596187
processors:6,works:1250,duration_sec:0.176555,startCriterion:9923590,bestCriterion:1593519
processors:6,works:1250,duration_sec:0.22832,startCriterion:9923590,bestCriterion:1601009
processors:6,works:1250,duration_sec:0.315235,startCriterion:9923590,bestCriterion:1596045
processors:6,works:1500,duration_sec:0.322005,startCriterion:13982187,bestCriterion:2273836
processors:6,works:1500,duration_sec:0.44968,startCriterion:13982187,bestCriterion:2258933
processors:6,works:1500,duration_sec:0.312348,startCriterion:14097110,bestCriterion:2275364
processors:6,works:1500,duration_sec:0.421586,startCriterion:14097110,bestCriterion:2278215
processors:6,works:1500,duration_sec:0.337214,startCriterion:14097110,bestCriterion:2267944
processors:6,works:2500,duration_sec:0.644885,startCriterion:38966225,bestCriterion:6368463
processors:6,works:2500,duration_sec:0.316303,startCriterion:38966225,bestCriterion:6385187
processors:6,works:2500,duration_sec:0.789467,startCriterion:39057412,bestCriterion:6372351
processors:6,works:2500,duration_sec:0.356717,startCriterion:39057412,bestCriterion:6380398
processors:6,works:2500,duration_sec:0.50891,startCriterion:39164967,bestCriterion:6379439
processors:6,works:5000,duration_sec:1.6291,startCriterion:155923503,bestCriterion:25477742
processors:6,works:5000,duration_sec:1.24913,startCriterion:156982171,bestCriterion:25950527
processors:6,works:5000,duration_sec:1.95952,startCriterion:155675197,bestCriterion:25411288
processors:6,works:5000,duration_sec:2.38267,startCriterion:154137403,bestCriterion:25508549
processors:6,works:5000,duration_sec:1.87716,startCriterion:155833595,bestCriterion:25614373
processors:6,works:7500,duration_sec:3.93038,startCriterion:352792419,bestCriterion:58018520
processors:6,works:7500,duration_sec:3.01361,startCriterion:354909860,bestCriterion:58514194
processors:6,works:7500,duration_sec:6.53266,startCriterion:353047426,bestCriterion:58053805
processors:6,works:7500,duration_sec:4.19589,startCriterion:353694420,bestCriterion:58243656
processors:6,works:7500,duration_sec:4.46253,startCriterion:352800990,bestCriterion:58042363
processors:6,works:10000,duration_sec:7.33205,startCriterion:623373972,bestCriterion:102485337
processors:6,works:10000,duration_sec:8.69883,startCriterion:624566111,bestCriterion:102830685
processors:6,works:10000,duration_sec:11.4569,startCriterion:623886200,bestCriterion:103052706
processors:6,works:10000,duration_sec:7.75206,startCriterion:621926496,bestCriterion:102881302
processors:6,works:10000,duration_sec:8.37894,startCriterion:622246113,bestCriterion:102425869
processors:6,works:15000,duration_sec:20.1497,startCriterion:1407870061,bestCriterion:232134952
processors:6,works:15000,duration_sec:19.5758,startCriterion:1414791884,bestCriterion:233459937
processors:6,works:15000,duration_sec:24.9812,startCriterion:1406018087,bestCriterion:232471383
processors:6,works:15000,duration_sec:19.0544,startCriterion:1406770787,bestCriterion:231568457
processors:6,works:15000,duration_sec:19.1189,startCriterion:1409519929,bestCriterion:232419604
processors:6,works:20000,duration_sec:50.1959,startCriterion:2491977368,bestCriterion:411128376
processors:6,works:20000,duration_sec:49.0466,startCriterion:2511684106,bestCriterion:415259199
processors:6,works:20000,duration_sec:40.1726,startCriterion:2499459735,bestCriterion:412975717
processors:6,works:20000,duration_sec:43.5031,startCriterion:2489819886,bestCriterion:411825023
processors:6,works:20000,duration_sec:39.5929,startCriterion:2485455461,bestCriterion:410573879
processors:6,works:25000,duration_sec:76.8361,startCriterion:3903832396,bestCriterion:646356998
processors:6,works:25000,duration_sec:60.2939,startCriterion:3895593873,bestCriterion:644607611
processors:6,works:25000,duration_sec:62.1666,startCriterion:3883950580,bestCriterion:645975238
processors:6,works:25000,duration_sec:62.749,startCriterion:3895911400,bestCriterion:645293074
processors:6,works:25000,duration_sec:42.9138,startCriterion:3909830217,bestCriterion:646538493
processors:8,works:100,duration_sec:0.0623932,startCriterion:60461,bestCriterion:7213
processors:8,works:100,duration_sec:0.0383481,startCriterion:60461,bestCriterion:7295
processors:8,works:100,duration_sec:0.0536675,startCriterion:60461,bestCriterion:7253
processors:8,works:100,duration_sec:0.0445931,startCriterion:60461,bestCriterion:7259
processors:8,works:100,duration_sec:0.0313791,startCriterion:60461,bestCriterion:7144
processors:8,works:200,duration_sec:0.0617985,startCriterion:243089,bestCriterion:30076
processors:8,works:200,duration_sec:0.113975,startCriterion:243089,bestCriterion:29343
processors:8,works:200,duration_sec:0.0688048,startCriterion:243089,bestCriterion:29825
processors:8,works:200,duration_sec:0.0505143,startCriterion:243089,bestCriterion:29819
processors:8,works:200,duration_sec:0.071587,startCriterion:243089,bestCriterion:30061
processors:8,works:400,duration_sec:0.16837,startCriterion:986566,bestCriterion:116920
processors:8,works:400,duration_sec:0.102357,startCriterion:986566,bestCriterion:117771
processors:8,works:400,duration_sec:0.145106,startCriterion:986566,bestCriterion:118924
processors:8,works:400,duration_sec:0.0746923,startCriterion:1004545,bestCriterion:120980
processors:8,works:400,duration_sec:0.0757464,startCriterion:1004545,bestCriterion:120337
processors:8,works:750,duration_sec:0.158087,startCriterion:3528761,bestCriterion:428723
processors:8,works:750,duration_sec:0.172625,startCriterion:3528761,bestCriterion:426994
processors:8,works:750,duration_sec:0.202034,startCriterion:3528761,bestCriterion:427312
processors:8,works:750,duration_sec:0.122675,startCriterion:3528761,bestCriterion:428964
processors:8,works:750,duration_sec:0.284633,startCriterion:3528761,bestCriterion:426263
processors:8,works:1250,duration_sec:0.242393,startCriterion:9853314,bestCriterion:1205214
processors:8,works:1250,duration_sec:0.285785,startCriterion:9853314,bestCriterion:1205165
processors:8,works:1250,duration_sec:0.324796,startCriterion:9853314,bestCriterion:1203679
processors:8,works:1250,duration_sec:0.32389,startCriterion:10078489,bestCriterion:1197262
processors:8,works:1250,duration_sec:0.41954,startCriterion:10078489,bestCriterion:1200984
processors:8,works:1500,duration_sec:0.295918,startCriterion:14423569,bestCriterion:1727008
processors:8,works:1500,duration_sec:0.396683,startCriterion:14184266,bestCriterion:1736312
processors:8,works:1500,duration_sec:0.208732,startCriterion:14184266,bestCriterion:1732949
processors:8,works:1500,duration_sec:0.367845,startCriterion:14184266,bestCriterion:1742440
processors:8,works:1500,duration_sec:0.560724,startCriterion:14155599,bestCriterion:1723155
processors:8,works:2500,duration_sec:0.830223,startCriterion:39314246,bestCriterion:4783031
processors:8,works:2500,duration_sec:0.627368,startCriterion:39199516,bestCriterion:4781314
processors:8,works:2500,duration_sec:0.503024,startCriterion:39014210,bestCriterion:4773200
processors:8,works:2500,duration_sec:0.468098,startCriterion:39014210,bestCriterion:4798222
processors:8,works:2500,duration_sec:0.646224,startCriterion:38714296,bestCriterion:4758906
processors:8,works:5000,duration_sec:2.09488,startCriterion:155981853,bestCriterion:19265687
processors:8,works:5000,duration_sec:1.10369,startCriterion:154959156,bestCriterion:19215523
processors:8,works:5000,duration_sec:1.17217,startCriterion:156565314,bestCriterion:19284461
processors:8,works:5000,duration_sec:2.11981,startCriterion:156572226,bestCriterion:19163220
processors:8,works:5000,duration_sec:0.998983,startCriterion:155715973,bestCriterion:19295479
processors:8,works:7500,duration_sec:4.7453,startCriterion:354183290,bestCriterion:43689239
processors:8,works:7500,duration_sec:4.68064,startCriterion:353514685,bestCriterion:43849362
processors:8,works:7500,duration_sec:2.8031,startCriterion:351095056,bestCriterion:43449870
processors:8,works:7500,duration_sec:3.49628,startCriterion:349422777,bestCriterion:43373987
processors:8,works:7500,duration_sec:4.35202,startCriterion:352420881,bestCriterion:43611148
processors:8,works:10000,duration_sec:5.36699,startCriterion:624009129,bestCriterion:77193232
processors:8,works:10000,duration_sec:6.98533,startCriterion:624352432,bestCriterion:77073293
processors:8,works:10000,duration_sec:9.6757,startCriterion:629149740,bestCriterion:77566029
processors:8,works:10000,duration_sec:6.46362,startCriterion:625797730,bestCriterion:77484401
processors:8,works:10000,duration_sec:5.91023,startCriterion:628128163,bestCriterion:77968425
processors:8,works:15000,duration_sec:12.2828,startCriterion:1411146979,bestCriterion:175683951
processors:8,works:15000,duration_sec:17.7474,startCriterion:1409510358,bestCriterion:174786856
processors:8,works:15000,duration_sec:10.7288,startCriterion:1420537063,bestCriterion:176015660
processors:8,works:15000,duration_sec:17.3102,startCriterion:1408111171,bestCriterion:174598759
processors:8,works:15000,duration_sec:16.6316,startCriterion:1402475240,bestCriterion:174285904
processors:8,works:20000,duration_sec:18.9897,startCriterion:2514107417,bestCriterion:312567594
processors:8,works:20000,duration_sec:33.7598,startCriterion:2518047235,bestCriterion:311141392
processors:8,works:20000,duration_sec:20.7809,startCriterion:2497159617,bestCriterion:312507794
processors:8,works:20000,duration_sec:29.3227,startCriterion:2502963479,bestCriterion:310447836
processors:8,works:20000,duration_sec:30.7914,startCriterion:2510693039,bestCriterion:310526738
processors:8,works:25000,duration_sec:34.5958,startCriterion:3910187639,bestCriterion:485499859
processors:8,works:25000,duration_sec:47.4157,startCriterion:3920937335,bestCriterion:487328557
processors:8,works:25000,duration_sec:44.7294,startCriterion:3907902487,bestCriterion:486505456
processors:8,works:25000,duration_sec:48.5393,startCriterion:3907594944,bestCriterion:485293482
processors:8,works:25000,duration_sec:52.2644,startCriterion:3918979037,bestCriterion:486947631
processors:16,works:100,duration_sec:0.12813,startCriterion:64487,bestCriterion:4253
processors:16,works:100,duration_sec:0.0604217,startCriterion:64487,bestCriterion:4410
processors:16,works:100,duration_sec:0.0836416,startCriterion:64487,bestCriterion:4323
processors:16,works:100,duration_sec:0.0291946,startCriterion:60751,bestCriterion:4055
processors:16,works:100,duration_sec:0.0403414,startCriterion:60751,bestCriterion:3988
processors:16,works:200,duration_sec:0.0729135,startCriterion:237916,bestCriterion:15320
processors:16,works:200,duration_sec:0.0692441,startCriterion:237916,bestCriterion:15172
processors:16,works:200,duration_sec:0.0602439,startCriterion:237916,bestCriterion:15341
processors:16,works:200,duration_sec:0.0406332,startCriterion:237916,bestCriterion:15477
processors:16,works:200,duration_sec:0.0895705,startCriterion:237916,bestCriterion:15099
processors:16,works:400,duration_sec:0.0869391,startCriterion:971611,bestCriterion:61435
processors:16,works:400,duration_sec:0.191113,startCriterion:971611,bestCriterion:61282
processors:16,works:400,duration_sec:0.0724567,startCriterion:971611,bestCriterion:61796
processors:16,works:400,duration_sec:0.14375,startCriterion:971611,bestCriterion:61006
processors:16,works:400,duration_sec:0.0949409,startCriterion:971611,bestCriterion:61239
processors:16,works:750,duration_sec:0.150174,startCriterion:3456073,bestCriterion:214915
processors:16,works:750,duration_sec:0.144494,startCriterion:3456073,bestCriterion:213378
processors:16,works:750,duration_sec:0.266372,startCriterion:3456073,bestCriterion:212900
processors:16,works:750,duration_sec:0.219009,startCriterion:3456073,bestCriterion:212364
processors:16,works:750,duration_sec:0.173656,startCriterion:3456073,bestCriterion:214408
processors:16,works:1250,duration_sec:0.236561,startCriterion:9930827,bestCriterion:605981
processors:16,works:1250,duration_sec:0.312538,startCriterion:9930827,bestCriterion:605431
processors:16,works:1250,duration_sec:0.378131,startCriterion:9930827,bestCriterion:606689
processors:16,works:1250,duration_sec:0.338461,startCriterion:9930827,bestCriterion:604620
processors:16,works:1250,duration_sec:0.232722,startCriterion:9758717,bestCriterion:603529
processors:16,works:1500,duration_sec:0.341319,startCriterion:14032105,bestCriterion:855209
processors:16,works:1500,duration_sec:0.250503,startCriterion:14032105,bestCriterion:857303
processors:16,works:1500,duration_sec:0.517776,startCriterion:14054593,bestCriterion:861693
processors:16,works:1500,duration_sec:0.352074,startCriterion:14054593,bestCriterion:871581
processors:16,works:1500,duration_sec:0.326508,startCriterion:13773783,bestCriterion:854682
processors:16,works:2500,duration_sec:0.793349,startCriterion:38677990,bestCriterion:2400627
processors:16,works:2500,duration_sec:0.61702,startCriterion:38674942,bestCriterion:2393038
processors:16,works:2500,duration_sec:0.895511,startCriterion:38674942,bestCriterion:2400079
processors:16,works:2500,duration_sec:0.563749,startCriterion:38911574,bestCriterion:2372128
processors:16,works:2500,duration_sec:0.788327,startCriterion:39647929,bestCriterion:2407729
processors:16,works:5000,duration_sec:2.23391,startCriterion:157053491,bestCriterion:9643545
processors:16,works:5000,duration_sec:1.31875,startCriterion:156146862,bestCriterion:9706185
processors:16,works:5000,duration_sec:1.56394,startCriterion:156699729,bestCriterion:9653759
processors:16,works:5000,duration_sec:1.42112,startCriterion:155969131,bestCriterion:9660414
processors:16,works:5000,duration_sec:1.05924,startCriterion:156760910,bestCriterion:9673450
processors:16,works:7500,duration_sec:3.65194,startCriterion:352491429,bestCriterion:21886044
processors:16,works:7500,duration_sec:3.01127,startCriterion:352190516,bestCriterion:21760789
processors:16,works:7500,duration_sec:2.37509,startCriterion:349411826,bestCriterion:21741328
processors:16,works:7500,duration_sec:2.34894,startCriterion:350559666,bestCriterion:21774361
processors:16,works:7500,duration_sec:2.79308,startCriterion:352613747,bestCriterion:21876535
processors:16,works:10000,duration_sec:4.37228,startCriterion:625332310,bestCriterion:38947615
processors:16,works:10000,duration_sec:4.83693,startCriterion:624635011,bestCriterion:38754938
processors:16,works:10000,duration_sec:6.31788,startCriterion:622722079,bestCriterion:38805496
processors:16,works:10000,duration_sec:5.1415,startCriterion:621875894,bestCriterion:38659269
processors:16,works:10000,duration_sec:3.32284,startCriterion:630014853,bestCriterion:39147423
processors:16,works:15000,duration_sec:9.0944,startCriterion:1406628817,bestCriterion:87448536
processors:16,works:15000,duration_sec:12.6253,startCriterion:1406235518,bestCriterion:87137661
processors:16,works:15000,duration_sec:11.2388,startCriterion:1399059474,bestCriterion:87260268
processors:16,works:15000,duration_sec:11.872,startCriterion:1407280653,bestCriterion:87678364
processors:16,works:15000,duration_sec:12.6462,startCriterion:1405870401,bestCriterion:87259282
processors:16,works:20000,duration_sec:24.9072,startCriterion:2498139687,bestCriterion:155169786
processors:16,works:20000,duration_sec:15.6131,startCriterion:2502085143,bestCriterion:156207007
processors:16,works:20000,duration_sec:27.7568,startCriterion:2505498978,bestCriterion:155387521
processors:16,works:20000,duration_sec:22.678,startCriterion:2509352962,bestCriterion:156145115
processors:16,works:20000,duration_sec:19.8833,startCriterion:2510769607,bestCriterion:155890988
processors:16,works:25000,duration_sec:42.722,startCriterion:3913874120,bestCriterion:243685693
processors:16,works:25000,duration_sec:47.1777,startCriterion:3908042861,bestCriterion:243856483
processors:16,works:25000,duration_sec:37.3017,startCriterion:3898497158,bestCriterion:243460307
processors:16,works:25000,duration_sec:24.9694,startCriterion:3907271709,bestCriterion:243442921
processors:16,works:25000,duration_sec:36.6387,startCriterion:3894201489,bestCriterion:241936921
processors:24,works:100,duration_sec:0.0563663,startCriterion:65360,bestCriterion:3266
processors:24,works:100,duration_sec:0.0422927,startCriterion:65360,bestCriterion:3157
processors:24,works:100,duration_sec:0.0326362,startCriterion:65360,bestCriterion:3270
processors:24,works:100,duration_sec:0.0608523,startCriterion:65360,bestCriterion:3210
processors:24,works:100,duration_sec:0.0558229,startCriterion:65360,bestCriterion:3244
processors:24,works:200,duration_sec:0.0818109,startCriterion:252556,bestCriterion:11187
processors:24,works:200,duration_sec:0.0556599,startCriterion:252556,bestCriterion:11192
processors:24,works:200,duration_sec:0.10659,startCriterion:252556,bestCriterion:10935
processors:24,works:200,duration_sec:0.126829,startCriterion:252556,bestCriterion:10997
processors:24,works:200,duration_sec:0.0466126,startCriterion:252556,bestCriterion:11235
processors:24,works:400,duration_sec:0.154497,startCriterion:991254,bestCriterion:42074
processors:24,works:400,duration_sec:0.145075,startCriterion:991254,bestCriterion:42450
processors:24,works:400,duration_sec:0.116071,startCriterion:972618,bestCriterion:41557
processors:24,works:400,duration_sec:0.149974,startCriterion:972618,bestCriterion:42028
processors:24,works:400,duration_sec:0.105209,startCriterion:972618,bestCriterion:42070
processors:24,works:750,duration_sec:0.176225,startCriterion:3461033,bestCriterion:146005
processors:24,works:750,duration_sec:0.164781,startCriterion:3461033,bestCriterion:146050
processors:24,works:750,duration_sec:0.168235,startCriterion:3461033,bestCriterion:146649
processors:24,works:750,duration_sec:0.1836,startCriterion:3461033,bestCriterion:145110
processors:24,works:750,duration_sec:0.12468,startCriterion:3446014,bestCriterion:145624
processors:24,works:1250,duration_sec:0.381145,startCriterion:9605429,bestCriterion:399169
processors:24,works:1250,duration_sec:0.250427,startCriterion:9605429,bestCriterion:404325
processors:24,works:1250,duration_sec:0.33912,startCriterion:9605429,bestCriterion:403405
processors:24,works:1250,duration_sec:0.205149,startCriterion:9561243,bestCriterion:397663
processors:24,works:1250,duration_sec:0.323105,startCriterion:9561243,bestCriterion:398267
processors:24,works:1500,duration_sec:0.427931,startCriterion:13778618,bestCriterion:577828
processors:24,works:1500,duration_sec:0.383196,startCriterion:14160525,bestCriterion:585548
processors:24,works:1500,duration_sec:0.546459,startCriterion:14160525,bestCriterion:582720
processors:24,works:1500,duration_sec:0.47699,startCriterion:14065344,bestCriterion:579727
processors:24,works:1500,duration_sec:0.548422,startCriterion:14065344,bestCriterion:582078
processors:24,works:2500,duration_sec:0.71587,startCriterion:39145620,bestCriterion:1610112
processors:24,works:2500,duration_sec:0.715978,startCriterion:39145620,bestCriterion:1614267
processors:24,works:2500,duration_sec:0.49569,startCriterion:39473472,bestCriterion:1639415
processors:24,works:2500,duration_sec:0.605265,startCriterion:39100799,bestCriterion:1614941
processors:24,works:2500,duration_sec:0.489467,startCriterion:39100799,bestCriterion:1612134
processors:24,works:5000,duration_sec:1.56394,startCriterion:155826543,bestCriterion:6416167
processors:24,works:5000,duration_sec:1.84494,startCriterion:156470735,bestCriterion:6453054
processors:24,works:5000,duration_sec:1.40022,startCriterion:157081412,bestCriterion:6515023
processors:24,works:5000,duration_sec:1.36216,startCriterion:156927921,bestCriterion:6456168
processors:24,works:5000,duration_sec:1.51849,startCriterion:156931173,bestCriterion:6456644
processors:24,works:7500,duration_sec:4.08439,startCriterion:349878674,bestCriterion:14463086
processors:24,works:7500,duration_sec:3.24926,startCriterion:351164267,bestCriterion:14617845
processors:24,works:7500,duration_sec:2.61232,startCriterion:349976835,bestCriterion:14526110
processors:24,works:7500,duration_sec:2.58968,startCriterion:351424455,bestCriterion:14535136
processors:24,works:7500,duration_sec:3.33051,startCriterion:350596699,bestCriterion:14547687
processors:24,works:10000,duration_sec:3.55205,startCriterion:629210214,bestCriterion:25947818
processors:24,works:10000,duration_sec:5.88328,startCriterion:624988536,bestCriterion:25780858
processors:24,works:10000,duration_sec:3.60651,startCriterion:625910035,bestCriterion:25982365
processors:24,works:10000,duration_sec:4.265,startCriterion:625406116,bestCriterion:25926240
processors:24,works:10000,duration_sec:4.42762,startCriterion:626238976,bestCriterion:25974513
processors:24,works:15000,duration_sec:9.36857,startCriterion:1408959380,bestCriterion:58267842
processors:24,works:15000,duration_sec:8.52915,startCriterion:1404593052,bestCriterion:58309384
processors:24,works:15000,duration_sec:7.54034,startCriterion:1408302024,bestCriterion:58490336
processors:24,works:15000,duration_sec:7.73979,startCriterion:1404518491,bestCriterion:58533540
processors:24,works:15000,duration_sec:8.76626,startCriterion:1400694596,bestCriterion:58030284
processors:24,works:20000,duration_sec:13.4289,startCriterion:2482834280,bestCriterion:103227860
processors:24,works:20000,duration_sec:17.1875,startCriterion:2492080357,bestCriterion:103848919
processors:24,works:20000,duration_sec:13.2303,startCriterion:2497497036,bestCriterion:104318155
processors:24,works:20000,duration_sec:14.3477,startCriterion:2486108308,bestCriterion:103490439
processors:24,works:20000,duration_sec:12.6118,startCriterion:2495185783,bestCriterion:104627068
processors:24,works:25000,duration_sec:38.4515,startCriterion:3911138938,bestCriterion:162499430
processors:24,works:25000,duration_sec:24.1608,startCriterion:3915811606,bestCriterion:162516381
processors:24,works:25000,duration_sec:28.5921,startCriterion:3892847892,bestCriterion:162068105
processors:24,works:25000,duration_sec:28.96,startCriterion:3909004911,bestCriterion:162494066
processors:24,works:25000,duration_sec:20.6364,startCriterion:3884240841,bestCriterion:162326200
processors:32,works:100,duration_sec:0.0500463,startCriterion:67125,bestCriterion:2623
processors:32,works:100,duration_sec:0.0656532,startCriterion:67125,bestCriterion:2596
processors:32,works:100,duration_sec:0.0444484,startCriterion:67125,bestCriterion:2568
processors:32,works:100,duration_sec:0.0481209,startCriterion:67125,bestCriterion:2578
processors:32,works:100,duration_sec:0.0407543,startCriterion:67125,bestCriterion:2571
processors:32,works:200,duration_sec:0.115305,startCriterion:254464,bestCriterion:8861
processors:32,works:200,duration_sec:0.0848854,startCriterion:254464,bestCriterion:8782
processors:32,works:200,duration_sec:0.0713007,startCriterion:254464,bestCriterion:8909
processors:32,works:200,duration_sec:0.106534,startCriterion:254464,bestCriterion:8804
processors:32,works:200,duration_sec:0.0751834,startCriterion:254464,bestCriterion:8955
processors:32,works:400,duration_sec:0.115543,startCriterion:996883,bestCriterion:32957
processors:32,works:400,duration_sec:0.183258,startCriterion:1023825,bestCriterion:33748
processors:32,works:400,duration_sec:0.147182,startCriterion:1023825,bestCriterion:33465
processors:32,works:400,duration_sec:0.122595,startCriterion:1023825,bestCriterion:33796
processors:32,works:400,duration_sec:0.135111,startCriterion:1023825,bestCriterion:33729
processors:32,works:750,duration_sec:0.202336,startCriterion:3560101,bestCriterion:112519
processors:32,works:750,duration_sec:0.149923,startCriterion:3560101,bestCriterion:113218
processors:32,works:750,duration_sec:0.232188,startCriterion:3560101,bestCriterion:111631
processors:32,works:750,duration_sec:0.245649,startCriterion:3576542,bestCriterion:113086
processors:32,works:750,duration_sec:0.323292,startCriterion:3576542,bestCriterion:112490
processors:32,works:1250,duration_sec:0.398108,startCriterion:9854939,bestCriterion:308074
processors:32,works:1250,duration_sec:0.3842,startCriterion:9595798,bestCriterion:303681
processors:32,works:1250,duration_sec:0.280494,startCriterion:9595798,bestCriterion:304729
processors:32,works:1250,duration_sec:0.249043,startCriterion:9595798,bestCriterion:307176
processors:32,works:1250,duration_sec:0.366207,startCriterion:9934862,bestCriterion:310578
processors:32,works:1500,duration_sec:0.455432,startCriterion:14270553,bestCriterion:445137
processors:32,works:1500,duration_sec:0.62302,startCriterion:14270553,bestCriterion:446071
processors:32,works:1500,duration_sec:0.404202,startCriterion:13953241,bestCriterion:444230
processors:32,works:1500,duration_sec:0.535609,startCriterion:13953241,bestCriterion:443141
processors:32,works:1500,duration_sec:0.511842,startCriterion:13892744,bestCriterion:433998
processors:32,works:2500,duration_sec:0.734974,startCriterion:38537446,bestCriterion:1201502
processors:32,works:2500,duration_sec:0.745375,startCriterion:39414283,bestCriterion:1227303
processors:32,works:2500,duration_sec:0.817109,startCriterion:39106428,bestCriterion:1232896
processors:32,works:2500,duration_sec:0.693278,startCriterion:39188926,bestCriterion:1224751
processors:32,works:2500,duration_sec:0.636302,startCriterion:39188926,bestCriterion:1225131
processors:32,works:5000,duration_sec:2.10934,startCriterion:157721483,bestCriterion:4894112
processors:32,works:5000,duration_sec:2.1963,startCriterion:157260852,bestCriterion:4891008
processors:32,works:5000,duration_sec:2.60535,startCriterion:156272249,bestCriterion:4887780
processors:32,works:5000,duration_sec:1.67725,startCriterion:156337771,bestCriterion:4868557
processors:32,works:5000,duration_sec:1.70863,startCriterion:155438208,bestCriterion:4864829
processors:32,works:7500,duration_sec:2.71177,startCriterion:351310718,bestCriterion:11001644
processors:32,works:7500,duration_sec:2.29005,startCriterion:351615260,bestCriterion:11013805
processors:32,works:7500,duration_sec:2.606,startCriterion:354620885,bestCriterion:11042093
processors:32,works:7500,duration_sec:2.5945,startCriterion:352403607,bestCriterion:10964598
processors:32,works:7500,duration_sec:3.197,startCriterion:351520219,bestCriterion:11006185
processors:32,works:10000,duration_sec:4.35809,startCriterion:621726352,bestCriterion:19379642
processors:32,works:10000,duration_sec:4.08474,startCriterion:624517256,bestCriterion:19518794
processors:32,works:10000,duration_sec:3.36541,startCriterion:623795054,bestCriterion:19553908
processors:32,works:10000,duration_sec:3.32703,startCriterion:628223953,bestCriterion:19674998
processors:32,works:10000,duration_sec:5.33486,startCriterion:628090461,bestCriterion:19518055
processors:32,works:15000,duration_sec:8.01627,startCriterion:1406419226,bestCriterion:43759221
processors:32,works:15000,duration_sec:7.77821,startCriterion:1414271879,bestCriterion:43878682
processors:32,works:15000,duration_sec:7.25311,startCriterion:1400921407,bestCriterion:43958662
processors:32,works:15000,duration_sec:7.0759,startCriterion:1404046273,bestCriterion:43862404
processors:32,works:15000,duration_sec:6.42495,startCriterion:1402668774,bestCriterion:43749395
processors:32,works:20000,duration_sec:15.397,startCriterion:2499008657,bestCriterion:77922889
processors:32,works:20000,duration_sec:17.2585,startCriterion:2509055643,bestCriterion:78015700
processors:32,works:20000,duration_sec:13.1172,startCriterion:2504178175,bestCriterion:78199311
processors:32,works:20000,duration_sec:13.4874,startCriterion:2497782902,bestCriterion:77909006
processors:32,works:20000,duration_sec:13.5141,startCriterion:2499705402,bestCriterion:77901456
processors:32,works:25000,duration_sec:19.4918,startCriterion:3894572234,bestCriterion:122119109
processors:32,works:25000,duration_sec:23.2576,startCriterion:3928504803,bestCriterion:122126997
processors:32,works:25000,duration_sec:19.3956,startCriterion:3908594122,bestCriterion:122445554
processors:32,works:25000,duration_sec:23.0845,startCriterion:3912964049,bestCriterion:122094477
processors:32,works:25000,duration_sec:22.2113,startCriterion:3888144287,bestCriterion:121358366
processors:64,works:100,duration_sec:0.0768836,startCriterion:63908,bestCriterion:1688
processors:64,works:100,duration_sec:0.094304,startCriterion:63908,bestCriterion:1663
processors:64,works:100,duration_sec:0.0505196,startCriterion:63908,bestCriterion:1668
processors:64,works:100,duration_sec:0.058831,startCriterion:63908,bestCriterion:1703
processors:64,works:100,duration_sec:0.127727,startCriterion:62066,bestCriterion:1645
processors:64,works:200,duration_sec:0.101175,startCriterion:247429,bestCriterion:5348
processors:64,works:200,duration_sec:0.0849529,startCriterion:247429,bestCriterion:5458
processors:64,works:200,duration_sec:0.142972,startCriterion:247429,bestCriterion:5303
processors:64,works:200,duration_sec:0.121763,startCriterion:247429,bestCriterion:5321
processors:64,works:200,duration_sec:0.10203,startCriterion:247429,bestCriterion:5364
processors:64,works:400,duration_sec:0.185641,startCriterion:994128,bestCriterion:18847
processors:64,works:400,duration_sec:0.157882,startCriterion:994128,bestCriterion:18444
processors:64,works:400,duration_sec:0.143418,startCriterion:1011942,bestCriterion:18401
processors:64,works:400,duration_sec:0.194822,startCriterion:1011942,bestCriterion:18126
processors:64,works:400,duration_sec:0.11646,startCriterion:1011942,bestCriterion:18809
processors:64,works:750,duration_sec:0.395489,startCriterion:3546202,bestCriterion:60912
processors:64,works:750,duration_sec:0.220482,startCriterion:3546202,bestCriterion:61505
processors:64,works:750,duration_sec:0.342339,startCriterion:3515095,bestCriterion:59521
processors:64,works:750,duration_sec:0.296083,startCriterion:3515095,bestCriterion:59671
processors:64,works:750,duration_sec:0.197424,startCriterion:3515095,bestCriterion:61642
processors:64,works:1250,duration_sec:0.451197,startCriterion:9793140,bestCriterion:162527
processors:64,works:1250,duration_sec:0.581297,startCriterion:9853199,bestCriterion:162252
processors:64,works:1250,duration_sec:0.373217,startCriterion:10034900,bestCriterion:165325
processors:64,works:1250,duration_sec:0.572113,startCriterion:10034900,bestCriterion:168745
processors:64,works:1250,duration_sec:0.370441,startCriterion:10034900,bestCriterion:167692
processors:64,works:1500,duration_sec:0.703422,startCriterion:14123724,bestCriterion:229342
processors:64,works:1500,duration_sec:0.49509,startCriterion:14180857,bestCriterion:231494
processors:64,works:1500,duration_sec:0.497853,startCriterion:14180857,bestCriterion:230640
processors:64,works:1500,duration_sec:0.365302,startCriterion:14149228,bestCriterion:232096
processors:64,works:1500,duration_sec:1.12108,startCriterion:14149228,bestCriterion:226965
processors:64,works:2500,duration_sec:0.866075,startCriterion:38767139,bestCriterion:623836
processors:64,works:2500,duration_sec:1.13166,startCriterion:39117391,bestCriterion:629703
processors:64,works:2500,duration_sec:0.947211,startCriterion:39295079,bestCriterion:627272
processors:64,works:2500,duration_sec:0.974115,startCriterion:38654622,bestCriterion:623187
processors:64,works:2500,duration_sec:1.40522,startCriterion:38940943,bestCriterion:632999
processors:64,works:5000,duration_sec:1.60807,startCriterion:155295095,bestCriterion:2480834
processors:64,works:5000,duration_sec:2.29259,startCriterion:154594016,bestCriterion:2452026
processors:64,works:5000,duration_sec:2.06554,startCriterion:154899415,bestCriterion:2473318
processors:64,works:5000,duration_sec:1.9246,startCriterion:156818215,bestCriterion:2487997
processors:64,works:5000,duration_sec:2.03926,startCriterion:159082892,bestCriterion:2537411
processors:64,works:7500,duration_sec:3.1329,startCriterion:353663662,bestCriterion:5567337
processors:64,works:7500,duration_sec:5.4282,startCriterion:348440519,bestCriterion:5479838
processors:64,works:7500,duration_sec:3.86128,startCriterion:350233575,bestCriterion:5510143
processors:64,works:7500,duration_sec:3.81102,startCriterion:349188783,bestCriterion:5496367
processors:64,works:7500,duration_sec:6.3814,startCriterion:351009832,bestCriterion:5503370
processors:64,works:10000,duration_sec:5.41951,startCriterion:620410896,bestCriterion:9814864
processors:64,works:10000,duration_sec:5.65744,startCriterion:624639553,bestCriterion:9853269
processors:64,works:10000,duration_sec:6.12744,startCriterion:624230010,bestCriterion:9815288
processors:64,works:10000,duration_sec:4.92367,startCriterion:626074846,bestCriterion:9833883
processors:64,works:10000,duration_sec:4.33094,startCriterion:624047368,bestCriterion:9971776
processors:64,works:15000,duration_sec:9.95064,startCriterion:1412339543,bestCriterion:22257761
processors:64,works:15000,duration_sec:10.5809,startCriterion:1397532411,bestCriterion:21990691
processors:64,works:15000,duration_sec:10.1273,startCriterion:1400994368,bestCriterion:22030266
processors:64,works:15000,duration_sec:10.4312,startCriterion:1405894615,bestCriterion:22089470
processors:64,works:15000,duration_sec:12.7865,startCriterion:1404406704,bestCriterion:21972745
processors:64,works:20000,duration_sec:13.9509,startCriterion:2492037786,bestCriterion:39278914
processors:64,works:20000,duration_sec:13.9924,startCriterion:2507269092,bestCriterion:39330274
processors:64,works:20000,duration_sec:13.7717,startCriterion:2495942759,bestCriterion:39043487
processors:64,works:20000,duration_sec:18.7742,startCriterion:2501720258,bestCriterion:39153041
processors:64,works:20000,duration_sec:12.8975,startCriterion:2503016992,bestCriterion:39400241
processors:64,works:25000,duration_sec:17.3958,startCriterion:3882946013,bestCriterion:60921700
processors:64,works:25000,duration_sec:22.6039,startCriterion:3908114073,bestCriterion:61327308
processors:64,works:25000,duration_sec:24.9466,startCriterion:3910809956,bestCriterion:61241571
processors:64,works:25000,duration_sec:23.6918,startCriterion:3892135053,bestCriterion:60970674
processors:64,works:25000,duration_sec:20.9731,startCriterion:3918125478,bestCriterion:61342271
processors:128,works:100,duration_sec:0.0801039,startCriterion:60218,bestCriterion:1236
processors:128,works:100,duration_sec:0.129558,startCriterion:60218,bestCriterion:1208
processors:128,works:100,duration_sec:0.110993,startCriterion:62896,bestCriterion:1232
processors:128,works:100,duration_sec:0.0733028,startCriterion:62896,bestCriterion:1241
processors:128,works:100,duration_sec:0.124363,startCriterion:62896,bestCriterion:1243
processors:128,works:200,duration_sec:0.090483,startCriterion:247595,bestCriterion:3617
processors:128,works:200,duration_sec:0.122997,startCriterion:247595,bestCriterion:3517
processors:128,works:200,duration_sec:0.179728,startCriterion:247595,bestCriterion:3488
processors:128,works:200,duration_sec:0.166626,startCriterion:247595,bestCriterion:3508
processors:128,works:200,duration_sec:0.260782,startCriterion:247595,bestCriterion:3480
processors:128,works:400,duration_sec:0.157578,startCriterion:1040306,bestCriterion:11905
processors:128,works:400,duration_sec:0.267015,startCriterion:1040306,bestCriterion:11831
processors:128,works:400,duration_sec:0.156991,startCriterion:1040306,bestCriterion:12082
processors:128,works:400,duration_sec:0.173787,startCriterion:1040306,bestCriterion:12004
processors:128,works:400,duration_sec:0.173106,startCriterion:1020757,bestCriterion:11912
processors:128,works:750,duration_sec:0.283951,startCriterion:3560082,bestCriterion:36019
processors:128,works:750,duration_sec:0.403092,startCriterion:3560082,bestCriterion:35956
processors:128,works:750,duration_sec:0.460416,startCriterion:3560082,bestCriterion:35360
processors:128,works:750,duration_sec:0.452451,startCriterion:3492361,bestCriterion:34818
processors:128,works:750,duration_sec:0.513477,startCriterion:3492361,bestCriterion:34683
processors:128,works:1250,duration_sec:0.647505,startCriterion:9916877,bestCriterion:90941
processors:128,works:1250,duration_sec:0.560944,startCriterion:9916877,bestCriterion:90561
processors:128,works:1250,duration_sec:0.680099,startCriterion:9793652,bestCriterion:89449
processors:128,works:1250,duration_sec:0.938668,startCriterion:9871031,bestCriterion:90960
processors:128,works:1250,duration_sec:0.489772,startCriterion:9694739,bestCriterion:90331
processors:128,works:1500,duration_sec:1.00417,startCriterion:13984062,bestCriterion:128189
processors:128,works:1500,duration_sec:0.633914,startCriterion:14271155,bestCriterion:129074
processors:128,works:1500,duration_sec:0.756987,startCriterion:14447757,bestCriterion:127855
processors:128,works:1500,duration_sec:0.692802,startCriterion:14043925,bestCriterion:127158
processors:128,works:1500,duration_sec:1.14432,startCriterion:14043925,bestCriterion:125253
processors:128,works:2500,duration_sec:1.00664,startCriterion:39986368,bestCriterion:348332
processors:128,works:2500,duration_sec:1.00033,startCriterion:38327806,bestCriterion:336796
processors:128,works:2500,duration_sec:1.22923,startCriterion:39435304,bestCriterion:330309
processors:128,works:2500,duration_sec:1.36439,startCriterion:38959620,bestCriterion:335960
processors:128,works:2500,duration_sec:1.11618,startCriterion:38890241,bestCriterion:333667
processors:128,works:5000,duration_sec:2.1537,startCriterion:155844783,bestCriterion:1298938
processors:128,works:5000,duration_sec:3.14028,startCriterion:157403026,bestCriterion:1289536
processors:128,works:5000,duration_sec:2.34841,startCriterion:157068220,bestCriterion:1304452
processors:128,works:5000,duration_sec:2.13664,startCriterion:156223098,bestCriterion:1314176
processors:128,works:5000,duration_sec:3.39361,startCriterion:157154442,bestCriterion:1277907
processors:128,works:7500,duration_sec:4.33782,startCriterion:351593509,bestCriterion:2852487
processors:128,works:7500,duration_sec:4.01684,startCriterion:353108086,bestCriterion:2859590
processors:128,works:7500,duration_sec:5.58243,startCriterion:350800138,bestCriterion:2851576
processors:128,works:7500,duration_sec:3.94227,startCriterion:352521241,bestCriterion:2890868
processors:128,works:7500,duration_sec:4.21751,startCriterion:352953453,bestCriterion:2869953
processors:128,works:10000,duration_sec:6.97152,startCriterion:618915902,bestCriterion:4997819
processors:128,works:10000,duration_sec:5.79927,startCriterion:624638408,bestCriterion:5103910
processors:128,works:10000,duration_sec:8.21912,startCriterion:624391052,bestCriterion:5032465
processors:128,works:10000,duration_sec:6.62205,startCriterion:625130586,bestCriterion:5059457
processors:128,works:10000,duration_sec:5.75795,startCriterion:627094339,bestCriterion:5077840
processors:128,works:15000,duration_sec:10.6168,startCriterion:1414360979,bestCriterion:11341852
processors:128,works:15000,duration_sec:12.3032,startCriterion:1405220305,bestCriterion:11266795
processors:128,works:15000,duration_sec:15.0741,startCriterion:1397917222,bestCriterion:11194680
processors:128,works:15000,duration_sec:11.472,startCriterion:1411177809,bestCriterion:11323147
processors:128,works:15000,duration_sec:12.2146,startCriterion:1409602655,bestCriterion:11221148
processors:128,works:20000,duration_sec:16.3891,startCriterion:2497620405,bestCriterion:19886346
processors:128,works:20000,duration_sec:17.8735,startCriterion:2510208934,bestCriterion:19986768
processors:128,works:20000,duration_sec:18.6402,startCriterion:2503282624,bestCriterion:19901171
processors:128,works:20000,duration_sec:17.4981,startCriterion:2517040387,bestCriterion:19960761
processors:128,works:20000,duration_sec:14.8792,startCriterion:2499724367,bestCriterion:19977761
processors:128,works:25000,duration_sec:23.6744,startCriterion:3892145225,bestCriterion:31002834
processors:128,works:25000,duration_sec:24.3972,startCriterion:3908851905,bestCriterion:30945684
processors:128,works:25000,duration_sec:33.2949,startCriterion:3889277055,bestCriterion:30726114
processors:128,works:25000,duration_sec:25.8286,startCriterion:3907320312,bestCriterion:30927029
processors:128,works:25000,duration_sec:22.4363,startCriterion:3904577472,bestCriterion:31207668
